City,Lat,Lng,Max Temp,Humidity,Cloudiness,Wind Speed,Country,Date
Bredasdorp,-34.5322,20.0403,68.0,68,58,9.22,ZA,1620148354
Husavik,66.0449,-17.3389,39.2,41,20,6.91,IS,1620148354
Mataura,-46.1927,168.8643,50.0,75,72,4.0,NZ,1620148119
Beloha,-25.1667,45.05,68.18,63,2,10.33,MG,1620148355
Castro,-24.7911,-50.0119,77.95,37,3,6.08,BR,1620148355
Constitución,-35.3333,-72.4167,63.36,63,31,3.02,CL,1620148355
Puerto Ayora,-0.7393,-90.3518,80.6,74,40,17.27,EC,1620148356
Rikitea,-23.1203,-134.9692,78.73,81,18,12.57,PF,1620148356
Cabo San Lucas,22.8909,-109.9124,79.0,64,1,6.91,MX,1620148232
Turaif,31.6725,38.6637,89.6,20,40,5.75,SA,1620148356
Vaini,-21.2,-175.2,77.0,78,75,10.36,TO,1620148356
Bluff,-46.6,168.3333,50.0,75,62,4.0,NZ,1620148357
Chui,-33.6971,-53.4616,66.47,59,98,17.49,UY,1620148357
Dobrinka,52.1653,40.4731,43.63,63,51,12.44,RU,1620148357
Puerto Escondido,15.85,-97.0667,84.2,74,40,5.75,MX,1620148357
New Norfolk,-42.7826,147.0587,45.0,84,73,2.95,AU,1620148357
Albany,42.6001,-73.9662,59.0,83,100,1.01,US,1620148103
Hong Kong,22.2855,114.1577,75.99,89,69,3.36,HK,1620148311
Mkushi,-13.6202,29.3939,62.33,72,93,6.26,ZM,1620148358
Punta Arenas,-53.15,-70.9167,48.2,66,75,27.63,CL,1620148078
Hermanus,-34.4187,19.2345,61.0,83,23,10.29,ZA,1620148358
Ushuaia,-54.8,-68.3,46.4,66,75,25.32,AR,1620148358
Hithadhoo,-0.6,73.0833,84.6,64,66,4.0,MV,1620148215
Aksu,41.1231,80.2644,67.21,16,0,2.95,CN,1620148359
Petropavlovsk-Kamchatskiy,53.0452,158.6483,42.8,52,100,20.13,RU,1620148359
Saint Paul Harbor,57.79,-152.4072,39.2,87,75,6.91,US,1620148359
Longyearbyen,78.2186,15.6401,32.0,74,75,10.36,SJ,1620148360
Atuona,-9.8,-139.0333,79.97,78,31,17.83,PF,1620148360
Djibouti,11.5,42.5,86.0,74,20,9.22,DJ,1620148360
Kahului,20.8947,-156.47,71.01,83,20,3.44,US,1620148110
Barrow,71.2906,-156.7887,15.8,73,90,3.44,US,1620148360
Hilo,19.7297,-155.09,72.0,73,20,3.44,US,1620148361
Asbury Park,40.2204,-74.0121,69.8,73,75,10.36,US,1620148361
Arraial do Cabo,-22.9661,-42.0278,84.2,69,0,14.97,BR,1620148361
Mazyr,52.0495,29.2456,45.32,67,63,8.1,BY,1620148361
Airai,-8.9266,125.4092,57.67,83,99,2.98,TL,1620148362
Tateyama,34.9833,139.8667,64.99,74,100,10.0,JP,1620148362
Hasaki,35.7333,140.8333,55.4,94,0,5.75,JP,1620148362
Kavieng,-2.5744,150.7967,82.2,75,30,0.98,PG,1620148363
Trairi,-3.2778,-39.2689,82.99,71,54,10.02,BR,1620148148
Sibolga,1.7427,98.7792,76.96,92,100,2.59,ID,1620148363
Upernavik,72.7868,-56.1549,33.62,78,31,5.61,GL,1620148363
Cape Town,-33.9258,18.4232,64.4,88,75,10.36,ZA,1620148363
Khovd,48.0056,91.6419,49.62,20,60,3.89,MN,1620148364
Cotonou,6.3654,2.4183,84.2,79,40,6.91,BJ,1620148364
Kailua,21.4022,-157.7394,73.4,78,75,8.05,US,1620148322
Port Alfred,-33.5906,26.891,68.22,69,1,2.48,ZA,1620148278
Severo-Kuril'sk,50.6789,156.125,36.27,93,100,11.88,RU,1620148364
Woodburn,45.1437,-122.8554,61.0,72,20,6.91,US,1620148365
Terrace,54.5163,-128.6035,44.6,93,90,9.22,CA,1620148365
Banjar,-8.19,114.9675,82.4,89,20,10.36,ID,1620148365
Vestmanna,62.1564,-7.1664,39.2,65,20,29.93,FO,1620148365
Tuktoyaktuk,69.4541,-133.0374,19.4,100,90,4.61,CA,1620148366
Port Lincoln,-34.7333,135.8667,57.56,60,92,8.95,AU,1620148366
Bethel,41.3712,-73.414,59.0,88,97,1.99,US,1620148366
San Felipe,10.3399,-68.7425,76.5,77,97,3.53,VE,1620148366
Kiryat Gat,31.61,34.7642,79.0,52,58,1.01,IL,1620148367
Fortuna,40.5982,-124.1573,52.0,100,90,8.05,US,1620148367
Bengkulu,-3.8004,102.2655,76.98,90,100,4.09,ID,1620148367
Arrondissement de Lannion,48.75,-3.4167,51.8,62,20,19.57,FR,1620148367
Ponta do Sol,32.6667,-17.1,66.0,48,1,11.99,PT,1620148368
Ghanzi,-21.5667,21.7833,65.39,33,0,6.73,BW,1620148368
Slave Lake,55.2834,-114.769,42.8,42,90,2.3,CA,1620148368
Upata,8.0086,-62.3989,87.01,70,95,4.0,VE,1620148369
Umm Kaddadah,13.6017,26.6876,87.57,29,46,7.7,SD,1620148369
Zyryanka,65.75,150.85,30.16,99,100,2.68,RU,1620148369
Kapaa,22.0752,-159.319,73.4,88,20,8.05,US,1620148369
Qaanaaq,77.484,-69.3632,30.04,71,98,4.47,GL,1620148370
East London,-33.0153,27.9116,60.8,82,0,2.3,ZA,1620148370
Ponnāni,10.767,75.9252,80.6,78,75,3.44,IN,1620148370
Poso,-1.3959,120.7524,79.0,82,88,3.71,ID,1620148370
Oranjemund,-28.55,16.4333,61.97,90,2,3.74,NA,1620148371
Bonthe,7.5264,-12.505,82.78,75,99,9.98,SL,1620148371
Matara,5.9485,80.5353,77.67,88,100,2.64,LK,1620148284
Nanortalik,60.1432,-45.2371,43.32,55,81,13.47,GL,1620148371
Cardston,49.2,-113.3019,51.8,40,16,9.22,CA,1620148372
Šibenik,43.7272,15.9058,63.0,51,0,4.61,HR,1620148372
Firozpur,30.9167,74.6,82.4,42,40,9.22,IN,1620148372
Florianópolis,-27.6146,-48.5012,80.6,65,0,14.97,BR,1620148373
Ilulissat,69.2167,-51.1,42.8,33,1,5.75,GL,1620148373
Belmonte,-15.8631,-38.8828,82.4,65,40,6.91,BR,1620148373
Eilat,29.5581,34.9482,104.0,10,0,16.11,IL,1620148373
Champasak,14.75,106.0,75.13,85,96,3.58,LA,1620148374
Ambon City,-3.6954,128.1814,78.8,94,40,5.75,ID,1620148374
Nyurba,63.2842,118.3319,33.48,96,100,2.04,RU,1620148374
Tanabe,33.7333,135.3667,60.76,86,100,6.91,JP,1620148374
Souillac,-20.5167,57.5167,77.0,94,40,3.44,MU,1620148375
Alofi,-19.0595,-169.9187,75.2,94,75,8.05,NU,1620148375
Aksarka,66.5606,67.7975,21.15,92,7,3.58,RU,1620148375
Salalah,17.0151,54.0924,86.0,74,20,9.22,OM,1620148376
Yabēlo,4.8833,38.0833,62.85,78,78,5.66,ET,1620148376
Tiksi,71.6872,128.8694,25.81,94,100,4.45,RU,1620148376
São João da Barra,-21.6403,-41.0511,84.2,58,40,6.91,BR,1620148376
Awjilah,29.1081,21.2869,99.36,11,100,9.37,LY,1620148377
Mahébourg,-20.4081,57.7,78.8,89,40,3.44,MU,1620148377
Yellowknife,62.456,-114.3525,33.8,37,1,11.5,CA,1620148377
Dunedin,-45.8742,170.5036,50.0,94,91,1.01,NZ,1620148227
Ulaangom,49.9811,92.0667,50.88,39,83,11.03,MN,1620148354
Wynyard,-41.0,145.7167,43.0,83,9,4.0,AU,1620148378
Semey,50.4111,80.2275,52.88,41,3,8.59,KZ,1620148378
Karratha,-20.7377,116.8463,79.86,72,98,18.41,AU,1620148378
Mar del Plata,-38.0023,-57.5575,57.2,58,40,16.11,AR,1620148379
George Town,5.4112,100.3354,80.6,94,20,4.61,MY,1620148211
Tilichiki,60.4667,166.1,11.59,92,100,9.35,RU,1620148379
Anadyr,64.75,177.4833,23.0,86,75,2.17,RU,1620148379
Kinablangan,7.6947,126.5503,78.37,86,100,2.3,PH,1620148380
Cartagena,10.3997,-75.5144,89.6,66,40,9.22,CO,1620148338
Galitsy,56.1776,42.8459,48.2,57,40,13.42,RU,1620148380
Te Anau,-45.4167,167.7167,46.83,88,34,4.9,NZ,1620148380
Busselton,-33.65,115.3333,62.01,95,100,1.01,AU,1620148380
Port Elizabeth,-33.918,25.5701,66.2,82,0,5.75,ZA,1620148381
Nikolskoye,59.7035,30.7861,37.4,87,90,8.95,RU,1620148381
Kaitangata,-46.2817,169.8464,48.99,68,62,5.99,NZ,1620148381
Otjimbingwe,-22.35,16.1333,76.26,26,5,3.65,NA,1620148382
El Alto,-4.2714,-81.2147,80.6,57,0,10.36,PE,1620148382
Lompoc,34.6391,-120.4579,69.01,59,13,5.75,US,1620148278
Ribeira Grande,38.5167,-28.7,66.2,82,75,5.75,PT,1620148382
Eastlake,41.6539,-81.4504,66.2,77,90,11.5,US,1620148382
Berlevåg,70.8578,29.0864,35.6,86,75,6.91,NO,1620148383
Touros,-5.1989,-35.4608,75.2,94,75,10.36,BR,1620148383
Jamestown,42.097,-79.2353,66.0,88,90,10.36,US,1620148352
Yumen,40.2833,97.2,53.19,9,47,7.11,CN,1620148383
Tiarei,-17.5333,-149.3333,77.0,73,40,1.14,PF,1620148384
Juneau,58.3019,-134.4197,44.6,81,90,11.5,US,1620148384
Camopi,3.1655,-52.3158,82.22,80,61,3.0,GF,1620148384
Butaritari,3.0707,172.7902,83.03,77,55,17.34,KI,1620148385
Pahrump,36.2083,-115.9839,78.01,9,10,5.66,US,1620148385
Smithers,54.7804,-127.1743,42.8,70,40,3.67,CA,1620148385
Whitehorse,60.7161,-135.0538,41.0,65,75,13.8,CA,1620148385
Bocas del Toro,9.3333,-82.25,69.01,76,95,4.56,PA,1620148386
Tasiilaq,65.6145,-37.6368,32.0,74,1,14.97,GL,1620148386
San Fernando del Valle de Catamarca,-28.4696,-65.7852,52.0,99,100,4.0,AR,1620148386
Srednekolymsk,67.45,153.6833,25.72,94,100,1.99,RU,1620148386
Zimmi,7.3153,-11.3061,80.02,86,100,5.5,SL,1620148387
Bowen,-20.0167,148.2333,66.2,94,40,3.44,AU,1620148387
Khatanga,71.9667,102.5,31.5,83,100,7.94,RU,1620148387
Visby,57.6409,18.296,42.8,81,90,14.97,SE,1620148388
Banda Aceh,5.5577,95.3222,81.34,78,100,3.65,ID,1620148388
Honningsvåg,70.9821,25.9704,35.6,75,75,4.61,NO,1620148388
Sukhumi,43.0033,41.0153,58.35,97,100,3.22,GE,1620148389
Sioux Lookout,50.1001,-91.917,39.2,81,90,5.75,CA,1620148353
Chokurdakh,70.6333,147.9167,29.82,98,100,6.08,RU,1620148389
Hay River,60.8156,-115.7999,42.8,28,20,11.5,CA,1620148389
Poya,-21.35,165.15,70.63,90,0,4.12,NC,1620148389
Pringsewu,-5.3582,104.9744,74.84,97,98,1.01,ID,1620148390
Yeppoon,-23.1333,150.7333,62.6,94,5,2.66,AU,1620148390
Fairbanks,64.8378,-147.7164,48.2,52,75,3.94,US,1620148242
Leningradskiy,69.3833,178.4167,7.11,84,51,5.41,RU,1620148390
Jaciara,-15.9653,-54.9683,92.71,22,65,3.58,BR,1620148390
Angoche,-16.2325,39.9086,73.35,77,4,10.76,MZ,1620148391
Weligama,5.9667,80.4167,77.58,87,100,3.11,LK,1620148391
Lubao,14.9167,120.55,80.6,74,40,4.61,PH,1620148391
Road Town,18.4167,-64.6167,86.0,66,40,11.5,VG,1620148392
Saint-Pierre,-21.3393,55.4781,77.0,88,75,14.97,RE,1620148392
Bedelē,8.456,36.353,57.96,91,91,3.09,ET,1620148282
Northview,43.0456,-85.6006,55.0,71,90,11.5,US,1620148392
Lata,40.1629,-8.3327,62.6,59,0,17.27,PT,1620148392
Kiunga,-6.1219,141.2906,74.68,98,100,1.5,PG,1620148393
Boa Vista,2.8197,-60.6733,77.0,88,75,9.22,BR,1620148393
Buala,-8.145,159.5921,79.39,83,14,3.24,SB,1620148393
Tura,25.5198,90.2201,69.49,89,84,2.71,IN,1620148394
Bambous Virieux,-20.3428,57.7575,79.0,89,40,3.44,MU,1620148394
Vestmannaeyjar,63.4427,-20.2734,42.8,61,20,9.22,IS,1620148394
Itarema,-2.9248,-39.9167,81.75,78,40,10.2,BR,1620148394
Carnarvon,-24.8667,113.6333,62.6,100,75,4.61,AU,1620148172
Hurghada,27.2574,33.8129,93.2,21,0,4.61,EG,1620148133
Montague,42.5356,-72.5351,53.01,81,100,5.48,US,1620148395
Sørland,67.667,12.6934,42.8,39,0,13.8,NO,1620148395
Hobart,-42.8794,147.3294,45.0,87,43,10.36,AU,1620148395
Port Macquarie,-31.4333,152.9167,55.99,99,98,6.69,AU,1620148396
Avarua,-21.2078,-159.775,75.2,73,100,4.61,CK,1620148396
Saskylakh,71.9167,114.0833,28.35,96,100,5.77,RU,1620148397
Port Blair,11.6667,92.75,84.42,76,7,5.91,IN,1620148397
Esperance,-33.8667,121.9,59.0,88,90,16.11,AU,1620148398
Sabang,5.8933,95.3214,84.34,73,100,7.61,ID,1620148398
Berdigestyakh,62.0989,126.6992,32.23,94,100,4.79,RU,1620148398
Shingū,33.7333,135.9833,59.29,85,100,5.14,JP,1620148399
Mitsamiouli,-11.3847,43.2844,80.53,73,89,19.42,KM,1620148399
Baberu,25.55,80.7167,94.98,19,74,5.77,IN,1620148399
Río Gallegos,-51.6226,-69.2181,44.6,57,0,23.02,AR,1620148400
Katsuura,35.1333,140.3,64.99,72,0,13.8,JP,1620148400
Gijang,35.2442,129.2139,66.2,88,90,19.57,KR,1620148400
Dikson,73.5069,80.5464,28.51,93,100,4.94,RU,1620148400
Nishihara,26.1842,127.7558,73.4,88,40,14.97,JP,1620148401
Jamame,0.0722,42.7506,80.49,78,60,10.51,SO,1620148401
Ibrā’,22.6906,58.5334,84.33,42,75,14.81,OM,1620148401
Mehamn,71.0357,27.8492,35.6,69,75,5.75,NO,1620148401
Ouésso,1.6136,16.0517,73.51,94,94,3.78,CG,1620148402
Oussouye,12.485,-16.5469,93.2,69,0,4.61,SN,1620148402
Naryan-Mar,67.6713,53.087,29.71,78,89,9.57,RU,1620148402
Lagoa,39.05,-27.9833,63.12,85,98,10.45,PT,1620148403
Isangel,-19.55,169.2667,77.47,86,15,12.82,VU,1620148403
Talara,-4.5772,-81.2719,80.6,57,0,10.36,PE,1620148403
Batesville,35.7698,-91.641,73.99,73,75,3.44,US,1620148229
Lebu,-37.6167,-73.65,57.81,56,10,5.01,CL,1620148404
Kota Bharu,6.1333,102.2386,80.6,89,20,1.14,MY,1620148404
Yazman,29.1212,71.7446,94.12,20,21,0.54,PK,1620148404
San Quintín,30.4833,-115.95,67.8,63,13,6.33,MX,1620148404
Distrikt Brokopondo,4.75,-55.1667,78.6,78,100,4.92,SR,1620148405
Stokmarknes,68.5646,14.9108,42.8,45,0,8.05,NO,1620148405
Bridlington,54.0831,-0.1919,45.0,81,75,10.36,GB,1620148405
Aitape,-3.1374,142.3475,78.17,84,67,3.31,PG,1620148405
Harper,4.375,-7.7169,81.16,81,100,8.21,LR,1620148406
Kovernino,57.1253,43.8142,40.75,78,85,10.13,RU,1620148406
Acarí,-15.4311,-74.6158,78.48,54,56,10.25,PE,1620148406
Ribas do Rio Pardo,-20.4431,-53.7592,92.7,16,1,6.78,BR,1620148407
Zhezkazgan,47.8043,67.7144,66.88,20,95,11.01,KZ,1620148407
Sitka,57.0531,-135.33,44.6,81,90,8.05,US,1620148407
Bellefontaine,40.3612,-83.7597,64.99,94,90,3.44,US,1620148407
Nome,64.5011,-165.4064,28.4,74,1,3.44,US,1620148408
Mardin,37.3131,40.7436,66.99,53,97,6.62,TR,1620148179
Lukovetskiy,64.2956,41.9211,39.2,48,40,15.66,RU,1620148408
Mount Gambier,-37.8333,140.7667,46.4,81,75,2.35,AU,1620148408
Pisco,-13.7,-76.2167,73.4,68,0,8.05,PE,1620148408
Shagonar,51.5333,92.8,43.68,50,99,14.54,RU,1620148409
Uthal,25.8072,66.6219,84.07,66,20,10.42,PK,1620148409
Matagami,49.7502,-77.6328,48.2,46,90,8.05,CA,1620148409
Rawson,-43.3002,-65.1023,50.94,38,4,7.96,AR,1620148258
Cascais,38.6979,-9.4215,66.99,52,20,23.02,PT,1620148410
Meulaboh,4.1363,96.1285,78.04,89,99,4.03,ID,1620148410
Dire Dawa,9.5931,41.8661,74.52,68,83,1.45,ET,1620148410
Taltal,-25.4,-70.4833,65.77,70,0,6.31,CL,1620148410
Verkhniy Lomov,53.4678,43.5511,42.87,71,62,12.19,RU,1620148411
Senneterre,48.3835,-77.2328,41.0,87,90,10.36,CA,1620148411
Thompson,55.7435,-97.8558,33.8,75,90,5.75,CA,1620148387
Iisalmi,63.5592,27.1907,41.0,38,0,12.66,FI,1620148411
Coquimbo,-29.9533,-71.3436,69.8,43,20,12.66,CL,1620148411
Sawtell,-30.3833,153.1,57.2,94,58,4.61,AU,1620148412
Eenhana,-17.4667,16.3333,73.4,68,16,2.3,NA,1620148412
Nizhnevartovsk,60.9344,76.5531,41.0,75,90,11.18,RU,1620148412
Tibati,6.4667,12.6333,72.79,84,98,4.72,CM,1620148412
Monze,-16.2833,27.4833,60.96,65,73,6.58,ZM,1620148397
San Jose,37.3394,-121.895,75.0,52,1,6.91,US,1620148380
Troitskoye,52.9821,84.6757,44.26,50,87,2.39,RU,1620148413
Huntington,38.4193,-82.4452,71.01,83,75,9.22,US,1620148240
Broome,42.2506,-75.833,70.0,82,90,6.91,US,1620148413
Paka,4.6374,103.4368,75.2,100,100,1.14,MY,1620148413
Provideniya,64.3833,-173.3,28.65,59,4,1.01,RU,1620148414
Tucuruí,-3.7661,-49.6725,89.2,55,93,2.1,BR,1620148414
Marquette,46.5333,-87.6335,45.0,76,100,8.99,US,1620148414
Kieta,-6.2167,155.6333,79.11,85,91,2.82,PG,1620148414
Palafrugell,41.9174,3.1631,64.4,59,0,11.5,ES,1620148415
Los Llanos de Aridane,28.6585,-17.9182,69.8,60,40,13.8,ES,1620148415
Allāpalli,19.4167,80.0667,89.91,30,7,3.69,IN,1620148415
Duliāgaon,27.3667,95.3167,71.73,89,89,3.31,IN,1620148415
Grand Island,40.925,-98.342,57.2,38,1,4.61,US,1620148193
Sahuaripa,29.05,-109.2333,81.25,16,0,3.56,MX,1620148416
Sheregesh,52.9209,87.9869,31.3,97,81,3.13,RU,1620148416
Paamiut,61.994,-49.6678,42.87,56,15,9.4,GL,1620148416
Bintulu,3.1667,113.0333,78.8,94,40,4.61,MY,1620148417
Northam,51.0333,-4.2167,51.01,68,21,14.0,GB,1620148417
Taoudenni,22.6783,-3.9836,101.61,18,59,14.16,ML,1620148418
Arman',59.7,150.1667,30.18,82,22,1.12,RU,1620148418
Port Hedland,-20.3167,118.5667,80.6,78,98,6.91,AU,1620148418
Antalaha,-14.9003,50.2788,77.22,87,14,2.17,MG,1620148274
Catuday,16.2923,119.8062,81.5,75,28,8.23,PH,1620148419
Skjervøy,70.0311,20.9714,37.4,48,0,10.36,NO,1620148419
Khorixas,-20.3667,14.9667,80.85,28,39,8.37,NA,1620148419
Kavaratti,10.5669,72.642,85.51,71,63,6.44,IN,1620148419
Gerāsh,27.6652,54.1371,82.4,23,0,6.55,IR,1620148420
Kiruna,67.8557,20.2251,35.6,64,90,4.61,SE,1620148420
Plettenberg Bay,-34.0527,23.3716,62.73,86,42,7.94,ZA,1620148420
Bajil,15.0584,43.2851,89.6,42,88,6.69,YE,1620148421
Nantucket,41.2835,-70.0995,53.6,94,90,11.5,US,1620148394
Ampanihy,-24.7,44.75,66.61,69,0,8.32,MG,1620148421
Nioro,13.35,-15.75,102.51,13,15,9.98,GM,1620148421
Saint-Philippe,-21.3585,55.7679,78.8,78,75,19.57,RE,1620148421
Methala,10.2166,76.2166,77.0,94,75,2.66,IN,1620148422
Lālganj,25.8667,85.1833,75.2,60,50,12.66,IN,1620148422
Cabedelo,-6.9811,-34.8339,78.8,89,75,8.05,BR,1620148422
Margate,51.3813,1.3862,54.0,51,22,4.0,GB,1620148299
Bandarbeyla,9.4942,50.8122,84.34,74,19,11.5,SO,1620148423
Shelburne,44.0787,-80.2041,53.01,100,100,7.9,CA,1620148423
Port Hardy,50.6996,-127.4199,50.0,81,75,5.75,CA,1620148423
Pevek,69.7008,170.3133,11.61,75,16,8.93,RU,1620148423
Inírida,3.8653,-67.9239,81.41,76,98,2.06,CO,1620148167
Hambantota,6.1241,81.1185,81.18,77,100,2.15,LK,1620148424
Laguna,38.421,-121.4238,77.0,29,1,11.5,US,1620148424
Aklavik,68.2191,-135.0107,19.4,79,90,3.44,CA,1620148424
Kruisfontein,-34.0033,24.7314,66.99,86,67,3.2,ZA,1620148424
Cherskiy,68.75,161.3,11.88,86,17,6.62,RU,1620148425
Ciudad Bolivar,8.1222,-63.5497,85.33,59,100,4.14,VE,1620148425
Richards Bay,-28.783,32.0377,64.47,77,0,4.09,ZA,1620148425
Datong,40.0936,113.2914,45.28,24,0,9.48,CN,1620148425
Assiniboia,49.6334,-105.9845,51.8,32,100,10.36,CA,1620148426
Coyhaique,-45.5752,-72.0662,46.4,66,0,3.44,CL,1620148426
Rocha,-34.4833,-54.3333,61.79,56,50,16.15,UY,1620148426
Maningrida,-12.0667,134.2667,72.41,80,7,8.32,AU,1620148426
Cidreira,-30.1811,-50.2056,75.43,69,90,16.49,BR,1620148427
Fougamou,-1.2154,10.5838,76.77,92,99,4.18,GA,1620148427
Narsaq,60.9167,-46.05,53.6,22,40,35.68,GL,1620148427
Mayskiy,47.6931,40.1025,59.0,29,0,8.95,RU,1620148427
Benton Harbor,42.1167,-86.4542,46.99,93,90,3.44,US,1620148215
San Rafael del Sur,11.8485,-86.4384,77.0,94,40,4.61,NI,1620148428
Vanavara,60.34,102.2797,36.82,99,100,4.0,RU,1620148428
Shenjiamen,29.9576,122.298,61.18,90,100,16.98,CN,1620148428
San Policarpo,12.1791,125.5072,81.0,85,95,13.47,PH,1620148428
Andenes,69.3143,16.1194,41.0,56,0,12.66,NO,1620148429
Dabat,12.9842,37.765,59.99,64,93,1.88,ET,1620148429
Labuhan,-6.8844,112.2051,80.4,81,100,8.41,ID,1620148429
Rio Grande,-32.035,-52.0986,71.6,94,90,6.91,BR,1620148429
Biak,-0.9131,122.8766,77.47,79,87,4.32,ID,1620148430
Russell,32.3502,-85.1999,84.2,70,75,9.22,US,1620148430
Ascension,30.2169,-90.9001,88.0,66,90,12.66,US,1620148430
Assiut,27.181,31.1837,102.2,15,0,17.27,EG,1620148431
Saint George,37.1041,-113.5841,73.0,22,1,3.44,US,1620148242
Sterling,39.0062,-77.4286,82.99,57,75,6.91,US,1620148431
Shimoda,34.6667,138.95,64.99,74,100,3.0,JP,1620148431
Olafsvik,64.8945,-23.7142,39.96,44,2,4.5,IS,1620148431
Ol'ga,43.7444,135.2892,42.49,97,100,9.48,RU,1620148431
Abu Dhabi,24.4667,54.3667,91.4,45,5,9.22,AE,1620148293
Hualmay,-11.0964,-77.6139,72.82,70,94,14.09,PE,1620148432
Yulara,-25.2406,130.9889,60.8,59,100,9.22,AU,1620148432
Port Augusta,-32.5,137.7667,53.6,66,35,11.5,AU,1620148432
Necochea,-38.5473,-58.7368,55.99,60,99,8.01,AR,1620148433
Mandalgovi,45.7625,106.2708,43.32,31,6,6.71,MN,1620148433
Kupang,-10.1667,123.5833,75.79,80,87,8.88,ID,1620148433
Qaqortoq,60.7167,-46.0333,53.6,22,40,35.68,GL,1620148433
Pychas,56.5033,52.4409,57.38,64,100,12.82,RU,1620148434
Mildura,-34.2,142.15,48.2,71,2,9.22,AU,1620148434
Lorengau,-2.0226,147.2712,79.32,82,32,3.71,PG,1620148434
Beisfjord,68.3751,17.5988,41.0,42,0,10.36,NO,1620148434
Nyimba,-14.5566,30.8149,70.57,54,79,5.19,ZM,1620148435
College,64.8569,-147.8028,48.2,46,75,4.61,US,1620148435
Norman Wells,65.282,-126.8329,35.6,75,75,8.05,CA,1620148435
Saint-Leu,-21.15,55.2833,77.0,88,75,14.97,RE,1620148435
Sulangan,11.1373,123.7228,82.67,78,100,16.02,PH,1620148436
Hays,30.0502,-98.0336,77.0,57,52,1.99,US,1620148436
Rock Sound,24.9,-76.2,78.78,74,33,13.69,BS,1620148436
Mehrān,33.1222,46.1646,71.6,26,20,4.61,IR,1620148436
Tuatapere,-46.1333,167.6833,50.0,75,64,4.0,NZ,1620148437
Iqaluit,63.7506,-68.5145,32.0,86,20,4.61,CA,1620148282
Saldanha,-33.0117,17.9442,64.4,72,21,6.91,ZA,1620148437
Praia,14.9215,-23.5087,77.0,61,75,24.16,CV,1620148437
Iquitos,-3.7481,-73.2472,87.8,66,75,4.61,PE,1620148437
Sirsi,14.6167,74.85,75.42,81,99,2.13,IN,1620148438
Achutupo,9.2,-77.9833,82.29,75,79,2.48,PA,1620148438
Monte Patria,-30.6919,-70.9467,69.62,42,8,8.97,CL,1620148438
Nuuk,64.1835,-51.7216,41.0,70,20,10.36,GL,1620148438
Krasnosel'kup,65.7,82.4667,23.81,91,68,6.71,RU,1620148439
Chilliwack,49.1747,-121.9443,55.0,87,96,2.3,CA,1620148439
Pacific Grove,36.6177,-121.9166,63.0,67,1,4.61,US,1620148439
Paita,-5.0892,-81.1144,80.6,57,0,10.36,PE,1620148440
Sobolevo,54.4299,31.8996,43.45,67,96,14.0,RU,1620148440
Forsytheganj,52.6333,29.7333,44.67,71,71,7.47,BY,1620148440
Dhidhdhoo,6.8833,73.1,85.14,68,89,3.13,MV,1620148441
Kumul,42.8,93.45,60.94,7,1,4.5,CN,1620148441
Ola,59.5833,151.2833,28.29,77,12,3.65,RU,1620148441
Fallon,39.4735,-118.7774,66.0,16,20,4.61,US,1620148441
Santo Domingo,18.5001,-69.9886,87.8,62,40,11.5,DO,1620148442
Middletown,39.5151,-84.3983,68.0,100,40,9.22,US,1620148371
Ābdānān,32.9926,47.4198,74.84,22,53,5.86,IR,1620148443
Salihorsk,52.7876,27.5415,45.68,73,96,7.54,BY,1620148443
Pativilca,-10.7,-77.7833,71.76,70,84,13.2,PE,1620148443
Gorom-Gorom,14.4439,-0.2361,106.18,10,25,5.21,BF,1620148268
Barranca,-10.75,-77.7667,71.22,71,86,13.56,PE,1620148444
Sisimiut,66.9395,-53.6735,35.96,73,97,8.14,GL,1620148444
Morón,-34.6534,-58.6198,62.01,55,17,7.0,AR,1620148444
Ancud,-41.8697,-73.8203,57.99,76,20,11.5,CL,1620148444
Waingapu,-9.6567,120.2641,76.68,85,69,6.06,ID,1620148445
Kovdor,67.5662,30.4758,32.16,72,92,7.07,RU,1620148445
Arrecife,28.963,-13.5477,71.6,49,40,19.57,ES,1620148445
Naze,28.3667,129.4833,67.68,89,94,17.87,JP,1620148446
Beringovskiy,63.05,179.3167,20.93,95,94,2.68,RU,1620148446
Talnakh,69.4865,88.3972,25.79,94,100,4.25,RU,1620148446
Brandon,27.9378,-82.2859,93.99,55,40,10.36,US,1620148446
Atar,20.5169,-13.0499,97.38,10,5,14.27,MR,1620148447
Sept-Îles,50.2001,-66.3821,53.6,37,40,12.66,CA,1620148447
Avera,33.194,-82.5271,86.0,62,75,13.8,US,1620148447
Bubaque,11.2833,-15.8333,77.45,70,36,18.14,GW,1620148447
Pascagoula,30.3658,-88.5561,84.99,74,90,10.36,US,1620148266
São Filipe,14.8961,-24.4956,71.26,72,37,11.68,CV,1620148448
Makakilo City,21.3469,-158.0858,73.4,78,20,4.76,US,1620148448
Dīr,35.2058,71.8756,61.68,81,100,3.47,PK,1620148448
Manakara,-22.1333,48.0167,71.47,87,1,2.51,MG,1620148449
Ballina,-28.8667,153.5667,62.6,88,43,4.61,AU,1620148449
Sorong,-0.8833,131.25,79.52,84,95,2.84,ID,1620148449
Omboué,-1.5746,9.2618,79.93,83,100,8.95,GA,1620148449
Torbay,47.6666,-52.7314,53.6,43,75,19.57,CA,1620148450
Bac Lieu,9.285,105.7244,84.78,76,100,14.36,VN,1620148450
Tikrit,34.6071,43.6782,89.56,13,40,4.72,IQ,1620148450
Korla,41.7597,86.1469,65.1,21,0,4.27,CN,1620148450
Marawi,7.9986,124.2928,78.01,88,82,5.01,PH,1620148451
Saint Anthony,45.0205,-93.218,55.4,38,75,16.11,US,1620148451
Morro Bay,35.3658,-120.8499,75.2,35,1,2.39,US,1620148177
Altay,47.8667,88.1167,47.59,34,38,7.85,CN,1620148452
Cap Malheureux,-19.9842,57.6142,79.0,87,7,1.01,MU,1620148452
Haines Junction,60.7522,-137.5108,37.4,70,86,1.14,CA,1620148452
San Patricio,28.017,-97.5169,84.2,84,90,10.36,US,1620148452
Shenzhen,22.5455,114.0683,75.0,93,85,1.01,CN,1620148453
Wurzen,51.3667,12.7333,55.4,87,75,24.16,DE,1620148453
Hoskote,14.2769,77.1699,86.68,42,71,7.16,IN,1620148453
Chiang Rai,19.9167,99.9167,80.6,89,0,2.3,TH,1620148454
Ostrovnoy,68.0531,39.5131,32.47,90,100,12.21,RU,1620148454
Norrtälje,59.758,18.705,42.8,70,0,13.8,SE,1620148454
Vao,-22.6667,167.4833,72.0,80,85,27.76,NC,1620148454
Escanaba,45.7453,-87.0646,50.0,71,90,8.05,US,1620148285
Geraldton,-28.7667,114.6,66.2,88,90,9.22,AU,1620148455
Orchard Homes,46.8633,-114.0484,57.99,40,20,5.66,US,1620148455
Binzhou,37.3667,118.0167,53.26,32,2,8.7,CN,1620148455
Ngaoundéré,7.3167,13.5833,64.81,90,100,3.85,CM,1620148455
Charter Township of Clinton,42.587,-82.9199,66.99,100,75,12.66,US,1620148456
Mathbaria,22.2876,89.9593,75.33,78,62,4.7,BD,1620148456
Vardø,70.3705,31.1107,33.8,75,75,13.8,NO,1620148456
Storm Lake,42.6411,-95.2097,53.6,32,1,18.41,US,1620148457
Port-Gentil,-0.7193,8.7815,84.2,79,75,6.91,GA,1620148457
Klyuchi,52.2667,79.1667,50.23,36,26,7.05,RU,1620148457
Salinópolis,-0.6136,-47.3561,82.54,76,53,5.88,BR,1620148458
Saint-François,46.4154,3.9054,60.8,55,90,9.22,FR,1620148458
Rohnert Park,38.3396,-122.7011,73.99,43,1,9.22,US,1620148326
Westport,41.1415,-73.3579,62.6,72,90,8.05,US,1620148458
St. George's,12.0564,-61.7485,75.2,94,75,11.5,GD,1620148458
Key West,24.5557,-81.7826,86.0,74,1,11.5,US,1620148240
Moundou,8.5667,16.0833,85.93,45,91,8.1,TD,1620148459
Banyo,6.75,11.8167,70.56,82,86,1.59,CM,1620148459
Birin,26.8865,88.0718,58.6,85,87,2.77,NP,1620148459
Karaton,-6.3424,106.1045,82.99,78,20,5.75,ID,1620148459
Camocim,-2.9022,-40.8411,81.43,82,62,8.7,BR,1620148460
Pitimbu,-7.4706,-34.8086,78.8,89,75,8.05,BR,1620148460
Rome,43.2128,-75.4557,55.99,94,90,6.91,US,1620148324
Nosy Varika,-20.5833,48.5333,74.59,85,58,3.04,MG,1620148461
Zaysan,47.4667,84.8667,55.24,22,0,7.7,KZ,1620148209
Amahai,-3.3333,128.9167,79.25,85,100,3.94,ID,1620148461
Poum,-20.2333,164.0167,76.19,78,0,9.84,NC,1620148461
Tavagnacco,46.1272,13.2132,61.0,70,79,2.62,IT,1620148461
Talaya,61.3833,152.75,16.05,98,84,2.15,RU,1620148462
Maniitsoq,65.4167,-52.9,36.95,75,54,18.84,GL,1620148462
Aden,12.7794,45.0367,85.64,73,44,6.89,YE,1620148462
Malakal,9.5334,31.6605,87.87,43,68,3.2,SS,1620148462
Quatre Cocos,-20.2078,57.7625,79.0,94,40,3.44,MU,1620148463
Sawākin,19.1059,37.3321,85.89,56,0,2.98,SD,1620148463
Beyneu,45.3167,55.2,75.11,16,0,8.81,KZ,1620148463
Alikalia,9.1667,-11.4,74.75,88,57,4.74,SL,1620148463
Goderich,43.7501,-81.7165,55.4,94,100,10.36,CA,1620148464
Zenzeli,45.9241,47.0474,61.79,71,100,22.68,RU,1620148464
Neuquén,-38.9516,-68.0591,53.6,37,0,9.22,AR,1620148464
Cayenne,4.9333,-52.3333,86.0,70,33,11.5,GF,1620148465
Seoul,37.5683,126.9778,57.2,94,90,8.05,KR,1620148346
Beira,-19.8436,34.8389,73.0,68,20,7.23,MZ,1620148465
Eureka,40.8021,-124.1637,52.0,100,90,4.61,US,1620148307
Dingle,10.9995,122.6711,79.21,84,81,9.26,PH,1620148465
Kalengwa,-13.4659,25.0027,68.43,63,100,2.89,ZM,1620148466
Padang,-0.9492,100.3543,77.0,100,90,8.05,ID,1620148466
Rodrigues Alves,-7.738,-72.6509,86.0,74,20,2.3,BR,1620148466
Erenhot,43.6475,111.9767,44.51,24,12,10.18,CN,1620148466
Rivadavia,-33.1905,-68.4608,53.6,47,40,9.22,AR,1620148467
Kargasok,59.0556,80.8572,41.56,49,100,8.34,RU,1620148467
Río Blanco,18.8333,-97.15,88.68,26,2,2.08,MX,1620148467
Opunake,-39.4556,173.8583,53.01,91,47,14.14,NZ,1620148467
Meadow Lake,34.8014,-106.5436,64.99,54,20,5.75,US,1620148468
Pangkalanbuun,-2.6833,111.6167,76.32,95,100,1.01,ID,1620148468
Albanel,48.8832,-72.4487,50.0,50,100,3.44,CA,1620148468
Batticaloa,7.7102,81.6924,81.39,79,77,10.49,LK,1620148468
Nicoya,10.1483,-85.452,82.4,69,40,8.05,CR,1620148469
Malbork,54.0359,19.0266,53.01,100,100,15.68,PL,1620148469
Virginia Beach,36.8529,-75.978,87.8,48,20,10.36,US,1620148469
Kaz,52.9113,87.3105,36.55,92,100,3.69,RU,1620148469
Lipin Bor,60.2622,37.9763,33.94,97,100,8.14,RU,1620148470
San Miguel,13.4833,-88.1833,89.6,94,40,2.3,SV,1620148470
Walla Walla,46.0646,-118.343,62.01,62,75,6.91,US,1620148470
Sosnovo-Ozerskoye,52.5249,111.5418,30.06,73,2,5.19,RU,1620148470
Prudentópolis,-25.2131,-50.9778,81.95,31,3,3.98,BR,1620148471
Atambua,-9.1061,124.8925,71.24,84,99,5.59,ID,1620148471
Lavrentiya,65.5833,-171.0,16.12,84,6,7.58,RU,1620148471
Dresden,51.0509,13.7383,55.4,50,20,21.85,DE,1620148471
Oranjestad,12.524,-70.027,86.0,66,75,17.27,AW,1620148472
Témiscaming,46.7212,-79.0971,44.6,87,100,5.75,CA,1620148472
Marzuq,14.4,46.4667,79.0,55,64,9.66,YE,1620148472
Villazón,-22.0866,-65.5942,64.92,14,98,15.64,BO,1620148473
Yangi Marg`ilon,40.4272,71.7189,78.8,27,16,6.91,UZ,1620148473
Kutum,14.2,24.6667,86.16,19,31,8.57,SD,1620148473
Victor Harbor,-35.5667,138.6167,53.01,73,100,6.13,AU,1620148474
Mchinji,-13.7984,32.8802,63.48,68,100,3.89,MW,1620148474
Melville,40.7934,-73.4151,66.0,77,90,4.61,US,1620148249
Sam Roi Yot,12.2708,99.872,79.03,83,100,4.36,TH,1620148474
Loreto,22.2667,-101.9667,72.18,11,0,4.54,MX,1620148474
Khandyga,62.6667,135.6,30.11,95,45,2.82,RU,1620148475
Jaisalmer,26.9147,70.9181,93.47,17,13,13.73,IN,1620148475
Banja Luka,44.7758,17.1856,71.6,33,0,3.44,BA,1620148457
Ugoofaaru,5.6667,73.0,85.32,69,36,3.58,MV,1620148475
Härnösand,62.6323,17.9379,46.4,45,0,12.66,SE,1620148475
Moa,20.6569,-74.9403,86.4,59,23,12.26,CU,1620148476
Santoña,43.4439,-3.4576,62.6,59,0,13.8,ES,1620148476
Bairiki Village,1.3292,172.9752,82.4,83,40,10.36,KI,1620148476
Mount Isa,-20.7333,139.5,71.6,30,5,13.8,AU,1620148476
Statesboro,32.4488,-81.7832,86.0,61,75,13.8,US,1620148477
Stavern,59.0,10.0333,43.0,87,90,13.8,NO,1620148477
Nara,34.6851,135.8049,64.0,40,99,2.89,JP,1620148477
Port Keats,-14.25,129.55,75.43,59,5,5.82,AU,1620148477
Shenkursk,62.1091,42.896,32.83,97,100,10.56,RU,1620148478
Opuwo,-18.0607,13.84,78.31,34,66,11.52,NA,1620148478
Nouadhibou,20.931,-17.0347,73.4,56,0,24.16,MR,1620148478
Fort Nelson,58.8053,-122.7002,42.8,87,90,4.61,CA,1620148261
Alice Springs,-23.7,133.8833,51.8,76,100,2.3,AU,1620148336
Bétaré Oya,5.6,14.0833,72.12,83,69,1.3,CM,1620148479
Half Moon Bay,37.4636,-122.4286,70.0,76,1,10.36,US,1620148479
Mamontovo,52.7055,81.6244,47.89,40,65,6.26,RU,1620148479
Baruun-Urt,46.6806,113.2792,39.36,49,10,14.03,MN,1620148480
Phalombe,-15.8064,35.6507,60.1,85,53,3.74,MW,1620148480
Carolina,18.3808,-65.9574,88.0,66,20,21.85,PR,1620148480
Asău,46.4333,26.4,64.4,42,0,11.5,RO,1620148480
Melfi,40.9965,15.6514,61.0,51,100,1.01,IT,1620148481
Luau,-10.7073,22.2247,70.09,74,89,2.82,AO,1620148481
Derzhavīnsk,51.1,66.3167,64.26,39,99,13.73,KZ,1620148481
Atkinson,42.8384,-71.147,53.6,66,90,16.11,US,1620148481
North Bend,43.4065,-124.2243,61.0,88,90,11.5,US,1620148425
Khovu-Aksy,51.1333,93.6,37.13,71,100,8.41,RU,1620148482
Mayumba,-3.432,10.6554,79.84,83,100,5.12,GA,1620148482
Itoman,26.1247,127.6694,73.4,88,40,17.27,JP,1620148482
Nevel',56.0209,29.9284,41.67,74,82,6.44,RU,1620148482
Três Lagoas,-20.7511,-51.6783,92.84,13,6,4.54,BR,1620148483
Xining,36.6167,101.7667,38.41,78,84,1.52,CN,1620148483
Madanapalle,13.55,78.5,77.23,65,78,6.8,IN,1620148483
Hofn,64.2539,-15.2082,39.2,56,75,6.91,IS,1620148483
Waipawa,-41.4122,175.5153,60.01,77,34,11.5,NZ,1620148484
Cuiluan,47.72,128.648,38.97,94,18,4.38,CN,1620148484
Bull Savanna,17.8868,-77.5902,83.89,55,9,16.13,JM,1620148484
San Cristobal,7.7669,-72.225,82.4,61,40,9.22,VE,1620148485
Concordia,-31.393,-58.0209,61.0,67,75,19.57,AR,1620148268
De Aar,-30.6497,24.0123,63.82,33,1,4.56,ZA,1620148485
Clyde River,70.4692,-68.5914,28.4,86,20,23.02,CA,1620148485
Faya,18.3851,42.4509,69.8,68,40,6.4,SA,1620148485
Maumere,-8.6199,122.2111,79.11,78,97,4.5,ID,1620148486
Hukuntsi,-24.0,21.75,65.95,30,0,4.83,BW,1620148486
Urusha,54.05,122.9,33.04,99,100,7.31,RU,1620148486
Rapid Valley,44.0625,-103.1463,60.01,33,1,16.11,US,1620148486
Middelburg,-25.7751,29.4648,59.34,35,0,2.13,ZA,1620148487
Yar-Sale,66.8333,70.8333,15.96,96,10,5.06,RU,1620148487
French Harbor,16.35,-86.4333,86.0,79,20,11.5,HN,1620148487
Hamilton,39.1834,-84.5333,69.01,83,90,10.36,US,1620148274
Smiltene,57.4244,25.9016,48.0,58,94,4.0,LV,1620148488
Brest,52.1,23.7,52.03,61,100,11.43,BY,1620148425
Cockburn Town,21.4612,-71.1419,82.4,65,40,11.5,TC,1620148488
Izvestkovyy,48.9833,131.55,41.07,97,100,3.69,RU,1620148488
Vedea,43.7833,25.7833,61.07,53,0,2.64,RO,1620148488
Aranda de Duero,41.6704,-3.6892,63.1,40,20,10.29,ES,1620148489
Anuchino,43.9622,133.0544,46.69,95,100,4.12,RU,1620148489
Bosaso,11.2842,49.1816,85.55,72,56,6.17,SO,1620148489
Punta de Bombón,-17.1717,-71.7931,68.74,77,82,9.66,PE,1620148489
Bambanglipuro,-7.95,110.2833,77.81,87,100,5.03,ID,1620148490
Caravelas,-17.7125,-39.2481,80.28,66,7,8.19,BR,1620148490
Strezhevoy,60.7333,77.5889,41.0,75,90,11.18,RU,1620148490
Otane,-39.8833,176.6333,55.0,77,0,8.99,NZ,1620148490
Chara,56.9064,118.2631,33.6,88,98,1.61,RU,1620148491
Mahajanga,-15.7167,46.3167,80.6,78,20,6.91,MG,1620148491
Caxias,38.7031,-9.2767,69.8,52,20,23.02,PT,1620148491
Māgadi,12.9667,77.2333,84.0,69,20,6.91,IN,1620148491
Las Vegas,36.175,-115.1372,80.01,9,1,3.09,US,1620148030
Sabla,12.7525,4.7077,104.29,11,97,0.94,NG,1620148492
Nurota,40.5614,65.6886,73.4,64,98,2.3,UZ,1620148492
Kulu,39.0951,33.0799,61.72,58,86,16.91,TR,1620148492
Las Cruces,32.3123,-106.7783,66.99,32,1,4.61,US,1620148319
Faanui,-16.4833,-151.75,82.45,70,100,12.59,PF,1620148493
Cavalcante,-13.7975,-47.4583,80.65,43,73,4.74,BR,1620148493
Khandagayty,50.7333,92.05,42.39,51,64,25.64,RU,1620148493
Codrington,-38.2667,141.9667,49.93,79,48,4.97,AU,1620148493
Paraíso,9.8383,-83.8656,77.0,69,20,9.22,CR,1620148494
Baharly,38.4362,57.4316,64.83,58,100,4.74,TM,1620148494
Yaan,7.3833,8.5667,86.54,51,80,8.63,NG,1620148494
Bonavista,48.6499,-53.1147,51.8,40,43,9.22,CA,1620148494
Crawfordsville,40.0411,-86.8745,55.99,82,75,11.36,US,1620148495
Safi,32.2994,-9.2372,66.96,75,34,16.53,MA,1620148495
Lüshunkou,38.8,121.2667,55.4,50,0,15.66,CN,1620148495
Iralaya,15.0,-83.2333,83.59,69,42,13.58,HN,1620148495
Raymondville,26.4815,-97.7831,91.4,78,90,9.22,US,1620148496
Tombouctou,20.0,-3.0,106.72,6,0,5.41,ML,1620148496
Fuling,29.7022,107.3919,63.14,97,100,1.99,CN,1620148496
Ishigaki,24.3448,124.1572,76.53,90,15,16.73,JP,1620148496
Kungurtug,50.5994,97.5228,36.23,73,61,7.96,RU,1620148497
Santa Luzia,-19.7697,-43.8514,77.0,53,75,4.61,BR,1620148497
Nemuro,43.3236,145.575,36.14,83,68,3.09,JP,1620148497
Emporia,38.4039,-96.1817,60.8,31,1,17.27,US,1620148393
Philadelphia,39.9523,-75.1638,78.01,68,40,3.44,US,1620148226
Estevan,49.1334,-102.9842,50.0,29,1,2.3,CA,1620148498
Pangnirtung,66.1451,-65.7125,33.8,86,1,3.18,CA,1620148498
Viranşehir,37.2353,39.7631,77.31,27,94,8.84,TR,1620148498
Tot'ma,59.9747,42.7642,38.66,94,100,3.89,RU,1620148499
Bongandanga,1.5,21.05,78.46,74,77,1.95,CD,1620148276
Soure,-0.7167,-48.5233,83.61,68,78,5.48,BR,1620148499
Furmanov,57.2508,41.1058,41.0,75,75,6.71,RU,1620148499
Riachão,-7.3619,-46.6172,86.32,48,18,4.61,BR,1620148499
Samarai,-10.6167,150.6667,80.4,81,34,12.82,PG,1620148500
